Имя,CER,WER,CTC потеря,Реальный,Предсказанный
508763287_2.jpg,0.0,0.0,9.516840691503603e-06,105,105
508811724_2.jpg,0.0,0.0,0.00025480191106908023,33,33
508757581_2.jpg,0.0,0.0,6.794913133489899e-06,23,23
509323355_2.jpg,0.0,0.0,1.841224730014801e-06,79,79
483319419_2.jpg,0.0,0.0,0.2714633345603943,95,95
511017553_2.jpg,0.0,0.0,0.029819002375006676,51,51
508957516_2.jpg,0.0,0.0,0.00015333294868469238,129,129
508765648_2.jpg,0.0,0.0,1.01327859738376e-05,19,19
508780223_2.jpg,0.0,0.0,2.1954281237412943e-06,349,349
508957658_2.jpg,0.0,0.0,3.762046617339365e-05,159,159
510883281_2.jpg,0.0,0.0,0.00832373183220625,99,99
508763870_2.jpg,0.0,0.0,1.0798375114973169e-05,159,159
510832136_2.jpg,0.3333333333333333,1.0,0.9142940640449524,599,399
510884772_2.jpg,0.0,0.0,7.549921861027542e-07,129,129
481896365_2.jpg,0.0,0.0,0.011071629822254181,929,929
508762007_2.jpg,0.0,0.0,6.577337626367807e-05,109,109
508764603_2.jpg,0.0,0.0,2.4636585749249207e-06,269,269
510884313_2.jpg,0.3333333333333333,1.0,1.1437739133834839,289,209
508782310_2.jpg,0.0,0.0,5.519087426364422e-05,52,52
481896432_2.jpg,0.25,1.0,2.488588333129883,1139,139
509302655_2.jpg,0.0,0.0,1.932432314788457e-05,349,349
510885581_2.jpg,0.3333333333333333,1.0,0.42072173953056335,109,199
487495526_2.jpg,0.3333333333333333,1.0,4.767545223236084,559,599
509332032_2.jpg,0.3333333333333333,1.0,0.30016377568244934,129,729
509195496_2.jpg,0.0,0.0,5.364418029785156e-07,89,89
511259231_2.jpg,0.3333333333333333,1.0,1.5442250967025757,149,159
508763319_2.jpg,0.0,0.0,3.933906555175781e-06,119,119
508762448_2.jpg,0.0,0.0,1.4821688637312036e-05,149,149
510883757_2.jpg,0.3333333333333333,1.0,2.473365545272827,899,99
508777198_2.jpg,0.0,0.0,6.0051679611206055e-06,149,149
511233283_2.jpg,0.0,0.0,5.364418029785156e-06,539,539
487494960_2.jpg,0.0,0.0,1.601339317858219e-05,649,649
508764931_2.jpg,0.0,0.0,0.003370827529579401,36,36
511203274_2.jpg,0.3333333333333333,1.0,1.37885320186615,329,339
508758203_2.jpg,0.0,0.0,5.46375929388887e-07,159,159
508762302_2.jpg,0.0,0.0,4.76837158203125e-07,71,71
511270813_2.jpg,0.6666666666666666,1.0,3.7299633026123047,142,15
487495455_2.jpg,0.6666666666666666,1.0,1.9478946924209595,329,459
509233408_2.jpg,0.0,0.0,6.635964382439852e-06,199,199
508763359_2.jpg,0.0,0.0,0.0020929460879415274,122,122
487495004_2.jpg,0.0,0.0,9.10833477973938e-07,499,499
508783668_2.jpg,0.0,0.0,4.708766937255859e-06,32,32
508763962_2.jpg,0.0,0.0,7.788340553815942e-06,129,129
511296011_2.jpg,0.0,0.0,0.021206794306635857,179,179
508795845_2.jpg,0.0,0.0,1.0326504707336426e-05,269,269
508761183_2.jpg,0.0,0.0,0.07871731370687485,139,139
487495436_2.jpg,0.0,0.0,1.891454121505376e-05,139,139
487495207_2.jpg,0.0,0.0,1.6401210814365186e-05,149,149
509714110_2.jpg,0.0,0.0,1.5735626220703125e-05,139,139
508844301_2.jpg,0.0,0.0,1.1820306099252775e-05,49,49
509714120_2.jpg,0.0,0.0,0.004228687845170498,122,122
511264746_2.jpg,0.3333333333333333,1.0,4.055575847625732,459,499
487495073_2.jpg,0.0,0.0,1.2794887879863381e-05,949,949
508776048_2.jpg,0.0,0.0,4.458148032426834e-05,32,32
483319566_2.jpg,0.0,0.0,8.988277841126546e-05,159,159
508758409_2.jpg,0.0,0.0,2.3043442070047604e-06,109,109
508777436_2.jpg,0.0,0.0,1.7309095710515976e-05,209,209
510880205_2.jpg,0.3333333333333333,1.0,0.5335975289344788,224,2249
508795847_2.jpg,0.0,0.0,0.003089793026447296,209,209
481897068_2.jpg,0.0,0.0,0.002838651416823268,699,699
511264082_2.jpg,0.0,0.0,1.788135136848723e-06,999,999
510884764_2.jpg,0.0,0.0,1.1443987204984296e-05,199,199
511231273_2.jpg,0.5,1.0,4.048642158508301,43,44
508765749_2.jpg,0.0,0.0,5.960464477539062e-07,369,369
487494996_2.jpg,0.0,0.0,0.00017898804799187928,339,339
508761548_2.jpg,0.0,0.0,0.00046887746430002153,133,133
483319615_2.jpg,0.5,1.0,0.8794513940811157,72,73
483319735_2.jpg,0.0,0.0,0.0006162076606415212,99,99
508758546_2.jpg,0.0,0.0,5.086272722110152e-06,159,159
510883521_2.jpg,0.5,1.0,4.2340264320373535,74,14
510879912_2.jpg,0.0,0.0,6.742775440216064e-07,699,699
508782456_2.jpg,0.0,0.0,7.101757364580408e-05,194,194
511277557_2.jpg,0.3333333333333333,1.0,1.1507220268249512,359,159
510879813_2.jpg,0.0,0.0,1.5626350432285108e-05,219,219
508762772_2.jpg,0.0,0.0,9.834766387939453e-07,229,229
508812635_2.jpg,0.0,0.0,4.813074156118091e-06,54,54
483319441_2.jpg,0.5,1.0,6.298250198364258,69,99
510947697_2.jpg,1.0,1.0,6.42241907119751,96,33
508783332_2.jpg,0.0,0.0,2.2032763808965683e-06,69,69
508761114_2.jpg,0.6666666666666666,1.0,3.144972085952759,149,579
508757692_2.jpg,0.0,0.0,2.6226043701171875e-06,19,19
508777853_2.jpg,0.0,0.0,2.2649542188446503e-06,75,75
508782852_2.jpg,0.0,0.0,9.934107083608978e-07,154,154
510832121_2.jpg,0.0,0.0,0.0003154389560222626,649,649
508800058_2.jpg,0.0,0.0,3.4250737371621653e-05,299,299
508757878_2.jpg,0.0,0.0,6.6980719566345215e-06,59,59
508783320_2.jpg,0.0,0.0,4.7042962250998244e-05,24,24
487495096_2.jpg,0.0,0.0,0.03914773091673851,559,559
508763335_2.jpg,0.0,0.0,1.67811904248083e-05,409,409
511243333_2.jpg,0.0,0.0,7.509721763199195e-05,199,199
508765833_2.jpg,0.0,0.0,4.609426014212659e-06,229,229
508763475_2.jpg,0.0,0.0,5.959882969364116e-07,59,59
511267312_2.jpg,0.0,0.0,0.0004158650990575552,559,559
510884687_2.jpg,0.0,0.0,0.12604832649230957,1499,1499
509332025_2.jpg,0.0,0.0,0.0012005368480458856,133,133
508782114_2.jpg,0.0,0.0,0.00016089466225821525,129,129
510883383_2.jpg,0.3333333333333333,1.0,1.1766239404678345,759,799
508777857_2.jpg,0.0,0.0,6.873160600662231e-07,85,85
508764608_2.jpg,0.0,0.0,6.1022114095976576e-05,229,229
508795860_2.jpg,0.0,0.0,6.042842869646847e-05,125,125
508765813_2.jpg,0.0,0.0,2.3156404495239258e-05,499,499
508762865_2.jpg,0.0,0.0,5.960464477539062e-07,189,189
511196617_2.jpg,1.0,1.0,3.97359299659729,31,54
511192152_2.jpg,0.0,0.0,6.258429493755102e-06,99,99
511295133_2.jpg,0.6666666666666666,1.0,4.415088176727295,389,269
510885152_2.jpg,0.0,0.0,6.077687066863291e-05,149,149
508765820_2.jpg,0.0,0.0,2.314646962986444e-06,249,249
483319426_2.jpg,0.0,0.0,2.5123124942183495e-05,79,79
508761559_2.jpg,0.0,0.0,1.1399388313293457e-06,79,79
511198236_2.jpg,0.0,0.0,0.00016490163397975266,34,34
508765817_2.jpg,0.0,0.0,1.136461924033938e-05,279,279
508757871_2.jpg,0.0,0.0,3.673127366710105e-06,63,63
508758079_2.jpg,0.0,0.0,4.172325134277344e-07,59,59
487495317_2.jpg,0.0,0.0,1.2144444099249085e-06,1599,1599
508793920_2.jpg,0.0,0.0,9.313425834989175e-06,2499,2499
510885974_2.jpg,0.6666666666666666,1.0,100,133,53
508762243_2.jpg,0.0,0.0,0.00010869154357351363,149,149
508762008_2.jpg,0.0,0.0,4.172325134277344e-07,67,67
508759459_2.jpg,0.0,0.0,7.300800643861294e-05,1099,1099
510831096_2.jpg,0.6666666666666666,1.0,0.6996583342552185,149,1529
511237949_2.jpg,0.0,0.0,4.7660432755947113e-07,419,419
509069825_2.jpg,0.0,0.0,2.133796806447208e-05,61,61
510885654_2.jpg,0.0,0.0,4.164118945482187e-05,269,269
483319417_2.jpg,0.0,0.0,0.009518255479633808,125,125
487494929_2.jpg,0.25,1.0,1.3023709058761597,1899,1999
481897086_2.jpg,0.3333333333333333,1.0,1.0604153871536255,419,219
510883568_2.jpg,0.0,0.0,0.24264663457870483,99,99
508785738_2.jpg,0.0,0.0,2.215305903519038e-05,499,499
508758932_2.jpg,0.0,0.0,0.0005212128162384033,46,46
511267296_2.jpg,0.0,0.0,0.01029167603701353,599,599
483317930_2.jpg,0.0,0.0,0.09754987806081772,469,469
508782860_2.jpg,0.0,0.0,0.004536071792244911,199,199
508783354_2.jpg,0.0,0.0,0.00010897165338974446,66,66
508787232_2.jpg,0.0,0.0,3.333762288093567e-05,39,39
483319610_2.jpg,0.5,1.0,0.5038837790489197,89,99
508765335_2.jpg,0.0,0.0,0.0712268128991127,38,38
508763835_2.jpg,0.0,0.0,3.93502414226532e-05,209,209
508762869_2.jpg,0.0,0.0,3.809202462434769e-05,209,209
511271211_2.jpg,1.0,1.0,9.308656692504883,74,12
508782854_2.jpg,0.0,0.0,0.0008448113803751767,199,199
510885082_2.jpg,0.0,0.0,0.4002824127674103,84,84
508813211_2.jpg,0.0,0.0,2.8014183044433594e-06,199,199
508784234_2.jpg,0.0,0.0,3.6078865377930924e-05,375,375
510831250_2.jpg,0.0,0.0,0.0007715130341239274,749,749
508764605_2.jpg,0.0,0.0,7.784613444528077e-06,179,179
481896449_2.jpg,0.0,0.0,5.6425305956508964e-06,999,999
508758061_2.jpg,0.0,0.0,1.2814998626708984e-06,66,66
508762194_2.jpg,0.0,0.0,1.8356367945671082e-06,599,599
511266384_2.jpg,0.3333333333333333,1.0,1.0089569091796875,739,789
508782850_2.jpg,0.6666666666666666,1.0,1.8186554908752441,149,599
508764189_2.jpg,0.0,0.0,1.2914338185510132e-05,149,149
508760480_2.jpg,0.0,0.0,1.3080813232591026e-06,349,349
508761259_2.jpg,0.0,0.0,3.159046173095703e-06,29,29
487495351_2.jpg,0.0,0.0,0.00021782962721772492,99,99
511234413_2.jpg,0.6666666666666666,1.0,100,119,79
508785553_2.jpg,0.0,0.0,3.548339009284973e-07,49,49
509302668_2.jpg,0.0,0.0,7.669128535781056e-06,469,469
508780921_2.jpg,0.0,0.0,7.351227395702153e-07,329,329
483317947_2.jpg,0.3333333333333333,1.0,0.6276083588600159,399,199
508762765_2.jpg,0.0,0.0,5.1971339416923e-05,329,329
508782812_2.jpg,0.0,0.0,2.384176013947581e-06,159,159
508957470_2.jpg,0.0,0.0,3.6855537928204285e-06,299,299
511198240_2.jpg,0.5,1.0,5.5399627685546875,34,4
509520207_2.jpg,0.0,0.0,2.3444492853741394e-06,154,154
487495028_2.jpg,0.0,0.0,0.00015021301805973053,429,429
509496968_2.jpg,0.0,0.0,2.0037094145664014e-05,129,129
508778510_2.jpg,0.0,0.0,2.1457672119140625e-06,53,53
511283850_2.jpg,1.0,1.0,3.638171911239624,109,81
509444546_2.jpg,0.0,0.0,5.960462203802308e-07,46,46
510886372_2.jpg,0.3333333333333333,1.0,100,111,11
481896798_2.jpg,0.0,0.0,0.003813036484643817,1099,1099
508775207_2.jpg,0.0,0.0,1.0460615158081055e-05,29,29
511225283_2.jpg,1.0,1.0,4.299027442932129,52,19
508813328_2.jpg,0.0,0.0,0.0001374526764266193,2139,2139
508783313_2.jpg,0.0,0.0,0.0001910862047225237,60,60
508780205_2.jpg,0.0,0.0,7.569788976979908e-06,19,19
508758356_2.jpg,0.0,0.0,2.304402414665674e-06,169,169
509714423_2.jpg,0.0,0.0,9.939074516296387e-06,199,199
508777859_2.jpg,0.0,0.0,6.556510925292969e-06,29,29
511278123_2.jpg,1.0,1.0,3.7571072578430176,31,57
508819357_2.jpg,0.0,0.0,1.1324882507324219e-06,32,32
508761493_2.jpg,0.0,0.0,1.2715512411887175e-06,159,159
508787453_2.jpg,0.0,0.0,1.0520219802856445e-05,69,69
510831621_2.jpg,0.5,1.0,1.07944917678833,86,88
508784213_2.jpg,0.0,0.0,4.5488279283745214e-05,699,699
508785262_2.jpg,0.0,0.0,5.174092439119704e-05,169,169
508782839_2.jpg,0.0,0.0,1.3113021850585938e-06,113,113
508758524_2.jpg,0.0,0.0,1.4850714933345444e-06,459,459
511194243_2.jpg,0.0,0.0,0.11311619728803635,379,379
510831342_2.jpg,0.3333333333333333,1.0,1.3168601989746094,479,499
510883444_2.jpg,0.3333333333333333,1.0,1.9119032621383667,759,799
511267295_2.jpg,0.0,0.0,7.49345708754845e-05,699,699
511259475_2.jpg,1.0,1.0,9.842536926269531,72,13
481896809_2.jpg,0.3333333333333333,1.0,0.8309946656227112,319,219
511231261_2.jpg,0.5,1.0,0.3841865658760071,59,39
508766088_2.jpg,0.0,0.0,2.86102294921875e-06,139,139
508762314_2.jpg,0.0,0.0,2.0265579223632812e-06,199,199
511264190_2.jpg,0.3333333333333333,1.0,1.1015275716781616,449,249
483319737_2.jpg,0.0,0.0,5.205446996114915e-06,159,159
510885153_2.jpg,0.0,0.0,2.8945411031600088e-05,149,149
509188156_2.jpg,0.0,0.0,4.5299530029296875e-06,16,16
508800017_2.jpg,0.0,0.0,1.1856357559736352e-05,379,379
481896960_2.jpg,0.0,0.0,0.0005488730384968221,639,639
508762863_2.jpg,0.0,0.0,1.3510385770132416e-06,259,259
483319656_2.jpg,0.0,0.0,3.9933740481501445e-05,99,99
511295977_2.jpg,0.0,0.0,0.0001428457471774891,139,139
508814858_2.jpg,0.0,0.0,0.0016455535078421235,329,329
508759737_2.jpg,0.0,0.0,5.140888674759481e-07,249,249
510879800_2.jpg,0.0,0.0,3.5762775496550603e-07,229,229
508762301_2.jpg,0.0,0.0,4.789540616911836e-05,114,114
508764234_2.jpg,0.0,0.0,5.821348167955875e-06,599,599
510883279_2.jpg,0.0,0.0,2.3778096874593757e-05,99,99
487495642_2.jpg,0.0,0.0,0.009107282385230064,309,309
509719307_2.jpg,0.0,0.0,2.6449542929185554e-06,319,319
510885957_2.jpg,0.3333333333333333,1.0,1.7430990934371948,139,131
508762237_2.jpg,0.0,0.0,4.432144851307385e-05,199,199
511264109_2.jpg,0.0,0.0,7.192237262643175e-06,299,299
508813332_2.jpg,0.0,0.0,0.0004138760268688202,1699,1699
481896367_2.jpg,0.0,0.0,0.0031077119056135416,569,569
509706181_2.jpg,0.0,0.0,1.0728836059570312e-06,169,169
511241374_2.jpg,0.3333333333333333,1.0,1.6050115823745728,139,149
508761988_2.jpg,0.0,0.0,8.34464515264699e-07,94,94
508777217_2.jpg,0.0,0.0,7.987023309397046e-06,50,50
508762080_2.jpg,0.0,0.0,5.821386821480701e-06,129,129
508788522_2.jpg,0.0,0.0,0.00011499657557578757,179,179
508780373_2.jpg,0.0,0.0,6.556510925292969e-07,64,64
508782313_2.jpg,0.0,0.0,1.9851606339216232e-05,79,79
511138499_2.jpg,0.3333333333333333,1.0,0.5592629909515381,109,189
510884921_2.jpg,0.3333333333333333,1.0,0.6084374785423279,399,199
508757675_2.jpg,0.0,0.0,3.7597490063490113e-06,66,66
508758211_2.jpg,0.0,0.0,9.775161743164062e-06,209,209
509741619_2.jpg,0.0,0.0,6.555379513883963e-06,62,62
508758666_2.jpg,0.0,0.0,1.0952348930004518e-06,82,82
508810568_2.jpg,0.0,0.0,5.801402494398644e-06,299,299
508813244_2.jpg,0.0,0.0,0.001670185592956841,28,28
511267282_2.jpg,0.0,0.0,2.3443872123607434e-05,629,629
508748962_2.jpg,0.0,0.0,100,79,79
510880172_2.jpg,0.0,0.0,9.139378676081833e-07,679,679
508812621_2.jpg,0.0,0.0,6.396943717845716e-06,113,113
508777430_2.jpg,0.0,0.0,7.351239673880627e-06,239,239
508757676_2.jpg,0.0,0.0,8.225288183894008e-06,33,33
508764432_2.jpg,0.0,0.0,2.436339855194092e-06,1139,1139
508811827_2.jpg,0.0,0.0,3.360162008902989e-05,69,69
511264769_2.jpg,0.0,0.0,0.0011710375547409058,429,429
508758939_2.jpg,0.0,0.0,7.747665222268552e-06,41,41
511291371_2.jpg,0.0,0.0,4.148698644712567e-05,1799,1799
508760111_2.jpg,0.0,0.0,4.040958083351143e-05,139,139
508775592_2.jpg,0.0,0.0,1.5894572413799324e-07,469,469
508765465_2.jpg,0.0,0.0,3.973642606069916e-07,119,119
487495330_2.jpg,0.0,0.0,0.0761595070362091,74,74
508811024_2.jpg,0.0,0.0,3.2583873235125793e-06,132,132
508811728_2.jpg,0.0,0.0,6.036824925104156e-05,10,10
508811818_2.jpg,0.0,0.0,2.3290514945983887e-05,419,419
511295102_2.jpg,0.0,0.0,0.19404336810112,69,69
508788516_2.jpg,0.0,0.0,3.256400304962881e-05,119,119
511261001_2.jpg,0.5,1.0,0.8910690546035767,82,92
508757596_2.jpg,0.0,0.0,0.00041444721864536405,25,25
481896254_2.jpg,0.25,1.0,0.8509670495986938,1899,1999
510884771_2.jpg,0.0,0.0,1.2243787068655365e-06,129,129
511267344_2.jpg,0.0,0.0,1.2437342775228899e-05,699,699
509706185_2.jpg,0.0,0.0,7.975846529006958e-06,209,209
511192161_2.jpg,0.0,0.0,0.11423105746507645,89,89
481896936_2.jpg,0.3333333333333333,1.0,1.995029091835022,899,999
487495605_2.jpg,0.0,0.0,2.98022382594354e-06,259,259
508762476_2.jpg,0.0,0.0,2.2808011635788716e-05,799,799
481896736_2.jpg,0.3333333333333333,1.0,0.5035882592201233,629,639
481896090_2.jpg,0.3333333333333333,1.0,0.26916685700416565,659,639
511199936_2.jpg,1.0,1.0,1.0241045951843262,27,69
508763082_2.jpg,0.0,0.0,6.034970283508301e-07,67,67
487495592_2.jpg,0.5,1.0,2.501054286956787,69,89
508784200_2.jpg,0.0,0.0,1.0604077260722988e-06,529,529
508760037_2.jpg,0.0,0.0,4.647893365472555e-05,2799,2799
508762921_2.jpg,0.0,0.0,2.582867864475702e-06,399,399
509496962_2.jpg,0.0,0.0,1.5020060345705133e-05,139,139
508761276_2.jpg,0.0,0.0,5.6382850743830204e-05,99,99
508749012_2.jpg,0.0,0.0,0.0001254550734302029,219,219
508780937_2.jpg,0.0,0.0,8.473250090901274e-06,179,179
511282927_2.jpg,0.6666666666666666,1.0,5.987429141998291,319,79
487495197_2.jpg,0.0,0.0,0.011815721169114113,94,94
508763444_2.jpg,0.0,0.0,0.0012459357967600226,259,259
508763998_2.jpg,0.0,0.0,2.22916278289631e-05,115,115
511027109_2.jpg,0.0,0.0,0.0005288608372211456,22,22
508778504_2.jpg,0.0,0.0,1.0132789611816406e-06,99,99
510881968_2.jpg,0.6666666666666666,1.0,1.8294693231582642,269,559
509747265_2.jpg,0.0,0.0,1.6689300537109375e-06,102,102
508760131_2.jpg,0.0,0.0,1.5573919881717302e-05,279,279
510885190_2.jpg,0.5,1.0,2.379067897796631,62,69
508764983_2.jpg,0.0,0.0,8.663255721330643e-05,17,17
508762165_2.jpg,0.0,0.0,7.311502940865466e-06,289,289
483319464_2.jpg,0.5,1.0,4.367521286010742,61,81
508781159_2.jpg,0.0,0.0,2.9401233405224048e-05,699,699
510883809_2.jpg,0.3333333333333333,1.0,4.234604358673096,109,199
508759707_2.jpg,0.0,0.0,0.00010464197112014517,599,599
511271012_2.jpg,0.0,0.0,0.0009139766916632652,79,79
509354055_2.jpg,0.0,0.0,0.0006243138923309743,133,133
508762554_2.jpg,0.0,0.0,6.953875072213123e-06,119,119
508760879_2.jpg,0.0,0.0,0.0005134117673151195,53,53
511267367_2.jpg,0.0,0.0,0.0036999706644564867,459,459
483319772_2.jpg,0.0,0.0,0.028146566823124886,122,122
511295072_2.jpg,0.3333333333333333,1.0,5.350437164306641,109,199
487495657_2.jpg,0.0,0.0,0.00014206758351065218,1399,1399
508762296_2.jpg,0.0,0.0,1.4649704098701477e-06,96,96
508828689_2.jpg,0.0,0.0,0.0002483601274434477,159,159
508811527_2.jpg,0.0,0.0,3.3814034395618364e-05,209,209
508758062_2.jpg,0.0,0.0,2.980232238769531e-07,89,89
508759223_2.jpg,0.0,0.0,2.7447938919067383e-05,2099,2099
508760130_2.jpg,0.0,0.0,9.397976100444794e-06,279,279
487494973_2.jpg,0.0,0.0,0.04318347945809364,399,399
487495062_2.jpg,0.0,0.0,7.309066131711006e-05,1139,1139
511266340_2.jpg,0.5,1.0,4.372548580169678,2599,999
508758350_2.jpg,0.0,0.0,1.776087265170645e-05,123,123
508957446_2.jpg,0.0,0.0,0.030520716682076454,119,119
511132593_2.jpg,0.0,0.0,0.01621297001838684,69,69
508761178_2.jpg,0.0,0.0,0.0001298387796850875,339,339
511203264_2.jpg,0.0,0.0,0.006073359400033951,129,129
508765339_2.jpg,0.0,0.0,0.005551634356379509,43,43
508758073_2.jpg,0.0,0.0,5.960464477539063e-08,71,71
508762434_2.jpg,0.0,0.0,5.960463340670685e-07,86,86
508761478_2.jpg,0.0,0.0,8.717122000234667e-06,37,37
508759717_2.jpg,0.0,0.0,4.621843345375964e-06,359,359
487495181_2.jpg,0.0,0.0,0.0012124670902267098,123,123
508758459_2.jpg,0.0,0.0,0.0009534245473332703,65,65
508777195_2.jpg,0.0,0.0,9.894371032714844e-06,239,239
511288647_2.jpg,0.0,0.0,1.589454768691212e-06,699,699
510883788_2.jpg,0.0,0.0,0.0468224436044693,699,699
481896861_2.jpg,0.0,0.0,0.0014949459582567215,439,439
510883378_2.jpg,0.6666666666666666,1.0,2.8855936527252197,629,199
508785538_2.jpg,0.0,0.0,3.476936853985535e-07,229,229
508757873_2.jpg,0.0,0.0,5.125991265231278e-06,9,9
508757638_2.jpg,0.0,0.0,5.364418029785156e-07,46,46
508763610_2.jpg,0.0,0.0,1.3654430404130835e-05,517,517
508758616_2.jpg,0.3333333333333333,1.0,2.579281806945801,259,299
508765026_2.jpg,0.0,0.0,6.998574008321157e-06,101,101
508810605_2.jpg,0.0,0.0,3.617699258029461e-05,19,19
508762689_2.jpg,0.0,0.0,1.877546196737967e-06,179,179
511282290_2.jpg,0.0,0.0,0.0005049002938903868,129,129
508775230_2.jpg,0.0,0.0,0.0007310529472306371,67,67
510885167_2.jpg,0.0,0.0,2.0265191778889857e-05,74,74
511237966_2.jpg,0.6666666666666666,1.0,2.364457845687866,319,279
510883434_2.jpg,0.25,1.0,100,2199,299
487494868_2.jpg,0.0,0.0,0.00041570267057977617,369,369
510831076_2.jpg,0.3333333333333333,1.0,3.457422971725464,209,299
481896211_2.jpg,0.6666666666666666,1.0,3.0498197078704834,549,99
508761275_2.jpg,0.0,0.0,1.1920928955078125e-07,99,99
508765314_2.jpg,0.0,0.0,0.3083597421646118,72,72
508811403_2.jpg,0.0,0.0,0.01813563145697117,629,629
511237934_2.jpg,0.3333333333333333,1.0,2.4056942462921143,409,489
510883819_2.jpg,0.0,0.0,1.8030405044555664e-05,159,159
508780951_2.jpg,0.0,0.0,6.69806604491896e-06,45,45
508776119_2.jpg,0.0,0.0,0.0002791463630273938,19,19
508764585_2.jpg,0.0,0.0,6.960829341551289e-05,179,179
508777874_2.jpg,0.3333333333333333,1.0,1.56439208984375,189,199
509390596_2.jpg,0.0,0.0,0.00017435192421544343,179,179
510880857_2.jpg,0.0,0.0,0.030931003391742706,124,124
508759728_2.jpg,0.0,0.0,3.337860107421875e-06,309,309
511264057_2.jpg,0.0,0.0,0.05715043842792511,569,569
508761869_2.jpg,0.0,0.0,2.60770320892334e-07,75,75
508788065_2.jpg,0.0,0.0,8.887052536010742e-05,139,139
481896626_2.jpg,0.3333333333333333,1.0,2.124556303024292,899,999
508758223_2.jpg,0.0,0.0,1.8181277482653968e-05,20,20
508763239_2.jpg,0.0,0.0,9.785096153791528e-06,169,169
508763839_2.jpg,0.0,0.0,2.5540590286254883e-05,379,379
481897107_2.jpg,0.0,0.0,0.00038511244929395616,329,329
508780953_2.jpg,0.0,0.0,0.002229230245575309,40,40
511278125_2.jpg,1.0,1.0,1.1982613801956177,46,20
508775365_2.jpg,0.0,0.0,2.5153160095214844e-05,289,289
508761473_2.jpg,0.0,0.0,0.00035355205181986094,31,31
508780369_2.jpg,0.0,0.0,2.841154810084845e-06,239,239
508764186_2.jpg,0.0,0.0,0.0004292689263820648,102,102
511264165_2.jpg,0.0,0.0,0.00022629163868259639,519,519
481896519_2.jpg,0.3333333333333333,1.0,0.9042065143585205,409,609
509487969_2.jpg,0.0,0.0,1.5894567013674532e-06,184,184
508782110_2.jpg,0.0,0.0,9.41744747251505e-06,149,149
510883749_2.jpg,0.0,0.0,3.9736414692015387e-07,449,449
510831245_2.jpg,0.0,0.0,0.09838660061359406,1099,1099
510883409_2.jpg,0.3333333333333333,1.0,2.0338752269744873,389,399
508785258_2.jpg,0.0,0.0,2.4795017452561297e-05,299,299
508762258_2.jpg,0.0,0.0,3.729139280039817e-05,279,279
483319504_2.jpg,0.0,0.0,7.574260234832764e-05,75,75
508765777_2.jpg,0.0,0.0,1.8924474716186523e-06,469,469
508763457_2.jpg,0.0,0.0,5.796551704406738e-06,46,46
510883547_2.jpg,0.3333333333333333,1.0,1.250124454498291,163,165
481896359_2.jpg,0.0,0.0,0.01906116120517254,629,629
508776094_2.jpg,0.0,0.0,0.00014945775910746306,65,65
508812637_2.jpg,0.0,0.0,2.1278858184814453e-05,109,109
483319386_2.jpg,0.0,0.0,0.10053467750549316,279,279
508783641_2.jpg,0.0,0.0,0.00046468773507513106,129,129
510886111_2.jpg,0.0,0.0,0.014973431825637817,142,142
508762920_2.jpg,0.0,0.0,8.730838999326807e-06,109,109
487495676_2.jpg,0.0,0.0,0.056072086095809937,450,450
511284443_2.jpg,0.5,1.0,2.761698007583618,66,69
511295101_2.jpg,0.5,1.0,2.0482141971588135,69,29
508764616_2.jpg,0.0,0.0,0.0002438163646729663,125,125
510880147_2.jpg,0.0,0.0,3.063554686377756e-05,749,749
508811025_2.jpg,0.0,0.0,4.127311058255145e-06,199,199
511264135_2.jpg,0.3333333333333333,1.0,0.41837990283966064,399,199
511263723_2.jpg,0.6666666666666666,1.0,1.0483143329620361,539,49
510879765_2.jpg,0.0,0.0,3.5362634662305936e-05,339,339
508754129_2.jpg,0.0,0.0,3.5539180771593237e-06,45,45
508759239_2.jpg,0.0,0.0,2.4120012312778272e-05,509,509
509267330_2.jpg,0.6666666666666666,1.0,3.0692548751831055,269,499
511264768_2.jpg,0.0,0.0,4.8080783017212525e-06,599,599
508762204_2.jpg,0.0,0.0,1.0728836059570312e-06,449,449
508760288_2.jpg,0.0,0.0,1.0331472140023834e-06,254,254
508761643_2.jpg,0.0,0.0,0.00021073991956654936,5,5
508763627_2.jpg,0.0,0.0,9.126960662797501e-07,39,39
511198239_2.jpg,0.0,0.0,0.005664045922458172,34,34
511271494_2.jpg,0.0,0.0,0.03126418590545654,39,39
508761491_2.jpg,0.0,0.0,7.0331930146494415e-06,159,159
508758039_2.jpg,0.0,0.0,0.010557344183325768,37,37
487494902_2.jpg,0.3333333333333333,1.0,1.00156569480896,899,699
483319831_2.jpg,0.0,0.0,5.165736070011917e-07,149,149
509520237_2.jpg,0.0,0.0,0.00030535919358953834,354,354
508763364_2.jpg,0.0,0.0,2.36431765188172e-06,219,219
508782866_2.jpg,0.0,0.0,1.8437700418871827e-05,219,219
508764629_2.jpg,0.0,0.0,3.2007694244384766e-05,129,129
508761192_2.jpg,0.0,0.0,0.00016179184603970498,104,104
508780481_2.jpg,0.0,0.0,1.091758440452395e-05,399,399
508810560_2.jpg,0.0,0.0,0.0045354631729424,179,179
508748957_2.jpg,0.0,0.0,9.950882667908445e-05,40,40
510884765_2.jpg,0.0,0.0,0.0001252293004654348,129,129
508780673_2.jpg,0.0,0.0,3.894170276907971e-06,529,529
508762160_2.jpg,0.0,0.0,5.126620180817554e-06,209,209
509513088_2.jpg,0.0,0.0,0.0001282859593629837,45,45
508759729_2.jpg,0.0,0.0,1.3507669791579247e-06,279,279
508759453_2.jpg,0.0,0.0,3.016740083694458e-05,699,699
510884663_2.jpg,0.75,1.0,5.995329856872559,2039,99
508763473_2.jpg,0.0,0.0,3.280111741332803e-06,92,92
509302653_2.jpg,0.0,0.0,0.00012328226875979453,439,439
481896408_2.jpg,0.3333333333333333,1.0,1.095872163772583,399,699
511277540_2.jpg,0.0,0.0,0.00012444051390048116,369,369
509749777_2.jpg,0.0,0.0,1.2616316098501557e-06,259,259
511277619_2.jpg,0.6666666666666666,1.0,100,119,15
508793953_2.jpg,0.0,0.0,4.967053541804489e-07,899,899
508844304_2.jpg,0.0,0.0,5.970197526039556e-05,79,79
511206209_2.jpg,0.0,0.0,0.11841785907745361,84,84
510886108_2.jpg,0.5,1.0,3.8307454586029053,89,69
508758078_2.jpg,0.0,0.0,6.448803469538689e-05,17,17
508780944_2.jpg,0.0,0.0,5.076328761788318e-06,489,489
508760797_2.jpg,0.0,0.0,4.153698682785034e-07,73,73
511263695_2.jpg,0.0,0.0,0.0064765047281980515,599,599
508763815_2.jpg,0.0,0.0,2.1189451217651367e-05,299,299
508811400_2.jpg,0.0,0.0,5.662439889420057e-06,229,229
511279788_2.jpg,0.25,1.0,1.4318523406982422,1899,1999
508811393_2.jpg,0.0,0.0,5.364418029785156e-07,89,89
510880863_2.jpg,0.0,0.0,0.039283402264118195,125,125
508763140_2.jpg,0.0,0.0,5.958717110843281e-07,69,69
511291374_2.jpg,0.0,0.0,0.00010194846981903538,899,899
483319567_2.jpg,0.0,0.0,1.0689018381526694e-05,199,199
508757690_2.jpg,0.0,0.0,6.556510925292969e-07,41,41
508762705_2.jpg,0.0,0.0,4.209578037261963e-07,79,79
508764495_2.jpg,0.0,0.0,5.523324944078922e-06,179,179
508784483_2.jpg,0.0,0.0,1.665947820583824e-05,127,127
508811831_2.jpg,0.0,0.0,1.4980400010244921e-05,159,159
509749753_2.jpg,0.0,0.0,6.933308668521931e-06,749,749
508776940_2.jpg,0.0,0.0,1.7295280485996045e-05,279,279
508761111_2.jpg,0.6666666666666666,1.0,1.88589608669281,174,77
508865370_2.jpg,0.0,0.0,8.746980711293872e-06,46,46
508760890_2.jpg,0.0,0.0,2.622603687996161e-06,229,229
509034503_2.jpg,0.5,1.0,6.513021469116211,8999,89
508775633_2.jpg,0.0,0.0,1.2248729035491124e-05,203,203
508797584_2.jpg,0.0,0.0,2.207234501838684e-06,99,99
481896763_2.jpg,0.5,1.0,1.9310619831085205,8299,999
511264188_2.jpg,0.3333333333333333,1.0,0.8847863674163818,599,99
508792787_2.jpg,0.0,0.0,3.496494173305109e-06,143,143
487495254_2.jpg,0.0,0.0,0.03678886592388153,2799,2799
511295986_2.jpg,0.5,1.0,3.163673162460327,69,39
509706165_2.jpg,0.0,0.0,4.768370729379967e-07,61,61
511259494_2.jpg,1.0,1.0,5.389913082122803,89,3
508785552_2.jpg,0.0,0.0,4.887567229161505e-06,89,89
508968074_2.jpg,0.0,0.0,2.9727816581726074e-06,59,59
508765306_2.jpg,0.0,0.0,1.4901161193847656e-07,71,71
510879757_2.jpg,0.0,0.0,1.5774994608364068e-05,569,569
508758934_2.jpg,0.0,0.0,2.0042061805725098e-05,189,189
509678319_2.jpg,0.0,0.0,2.893308419515961e-06,619,619
510884311_2.jpg,0.0,0.0,0.0004201915580779314,399,399
510831509_2.jpg,0.0,0.0,0.0008455877541564405,479,479
508785540_2.jpg,0.0,0.0,9.337943083664868e-06,139,139
511189693_2.jpg,0.0,0.0,3.5365255826036446e-06,279,279
483319425_2.jpg,0.0,0.0,0.0005865603452548385,72,72
509390385_2.jpg,0.0,0.0,0.07232002168893814,209,209
510885204_2.jpg,0.5,1.0,0.5887851119041443,59,69
511264176_2.jpg,0.0,0.0,0.0006462541641667485,639,639
508761255_2.jpg,0.0,0.0,0.001126567949540913,79,79
510883555_2.jpg,0.5,1.0,0.9639111161231995,69,89
511278112_2.jpg,0.5,1.0,4.804040431976318,40,48
508778548_2.jpg,0.0,0.0,1.0371208190917969e-05,69,69
510879695_2.jpg,0.0,0.0,2.9404961878753966e-06,299,299
508760118_2.jpg,0.0,0.0,5.4041538533056155e-06,145,145
508763607_2.jpg,0.0,0.0,3.85443354389281e-06,259,259
508763550_2.jpg,0.0,0.0,2.40405393014953e-06,639,639
481896727_2.jpg,0.0,0.0,0.00012268811406102031,1299,1299
508957718_2.jpg,0.0,0.0,1.2099731065973174e-05,74,74
481896546_2.jpg,0.0,0.0,5.046505521022482e-06,439,439
508758651_2.jpg,0.0,0.0,1.1920928955078125e-07,79,79
508761644_2.jpg,0.0,0.0,6.914099230925785e-06,132,132
511295124_2.jpg,0.3333333333333333,1.0,2.8071377277374268,449,249
511272043_2.jpg,0.5,1.0,0.5761715769767761,89,869
509520116_2.jpg,0.0,0.0,7.152557373046875e-07,629,629
508778515_2.jpg,0.0,0.0,0.0001475828466936946,203,203
508763601_2.jpg,0.0,0.0,2.7666490041156067e-06,599,599
481897125_2.jpg,0.0,0.0,0.09077129513025284,269,269
510884354_2.jpg,0.0,0.0,0.5625438690185547,619,619
508762688_2.jpg,0.0,0.0,4.63177775600343e-06,269,269
508764612_2.jpg,0.0,0.0,3.186768662999384e-05,239,239
510885949_2.jpg,0.6666666666666666,1.0,6.0616068840026855,134,54
508765298_2.jpg,0.0,0.0,1.778826117515564e-07,71,71
510832082_2.jpg,0.3333333333333333,1.0,0.6492347121238708,109,189
508748988_2.jpg,0.0,0.0,3.750125642909552e-06,279,279
508758536_2.jpg,0.0,0.0,1.9155442714691162e-05,149,149
510884644_2.jpg,0.3333333333333333,1.0,3.536651611328125,809,889
508758410_2.jpg,0.0,0.0,4.2716660573205445e-06,179,179
508781454_2.jpg,0.0,0.0,9.934107083608978e-07,319,319
508763422_2.jpg,0.0,0.0,4.7679773729214503e-07,339,339
508788053_2.jpg,0.0,0.0,1.1916660014321678e-06,169,169
509069607_2.jpg,0.0,0.0,2.2649728634860367e-06,52,52
508775621_2.jpg,0.3333333333333333,1.0,1.0835063457489014,209,299
508758887_2.jpg,0.0,0.0,1.3470625162881333e-05,149,149
508764232_2.jpg,0.0,0.0,1.5437602996826172e-05,999,999
510840425_2.jpg,0.0,0.0,1.9947112377849407e-05,379,379
510831155_2.jpg,0.0,0.0,0.15309375524520874,1399,1399
510926749_2.jpg,0.5,1.0,5.548413276672363,73,75
508762552_2.jpg,0.0,0.0,1.3709068298339844e-06,89,89
508762263_2.jpg,0.0,0.0,2.6752552003017627e-05,129,129
510969779_2.jpg,0.0,0.0,0.1799861639738083,43,43
508761261_2.jpg,0.0,0.0,0.010345375165343285,85,85
511017543_2.jpg,0.0,0.0,7.14042762410827e-05,46,46
508763623_2.jpg,0.0,0.0,6.39259587842389e-06,53,53
508813347_2.jpg,0.0,0.0,0.0001244942395715043,549,549
508763241_2.jpg,0.0,0.0,1.2035171494062524e-05,169,169
483319843_2.jpg,0.0,0.0,0.00010785522317746654,159,159
508765823_2.jpg,0.0,0.0,8.285045623779297e-06,699,699
510923473_2.jpg,0.0,0.0,0.009077323600649834,37,37
508782445_2.jpg,0.0,0.0,1.5642493963241577e-05,99,99
508782819_2.jpg,0.0,0.0,9.103616321226582e-05,179,179
508811808_2.jpg,0.0,0.0,3.6855526559520513e-06,219,219
511264777_2.jpg,1.0,1.0,100,1299,514
487495342_2.jpg,0.6666666666666666,1.0,4.756192207336426,152,129
511282289_2.jpg,0.0,0.0,2.2461017579189502e-05,159,159
481896768_2.jpg,0.0,0.0,0.0013998113572597504,2699,2699
508757890_2.jpg,0.0,0.0,6.5564754549996e-06,33,33
508819362_2.jpg,0.0,0.0,0.00012839585542678833,129,129
509741621_2.jpg,0.0,0.0,4.76837158203125e-07,62,62
508776067_2.jpg,0.0,0.0,1.7881392011531716e-07,72,72
508759794_2.jpg,0.0,0.0,1.7384687680532807e-06,359,359
509751606_2.jpg,0.0,0.0,4.80810786029906e-06,259,259
510885583_2.jpg,0.0,0.0,0.000728949555195868,99,99
508828652_2.jpg,0.0,0.0,5.16448199050501e-06,152,152
508780478_2.jpg,0.0,0.0,1.761317253112793e-05,1599,1599
481896713_2.jpg,0.0,0.0,0.0002956668322440237,999,999
508787450_2.jpg,0.0,0.0,0.0004680752754211426,201,201
510883420_2.jpg,0.3333333333333333,1.0,6.605967044830322,669,699
508758238_2.jpg,0.0,0.0,1.538443029858172e-06,349,349
508762213_2.jpg,0.0,0.0,5.16263128247374e-07,459,459
511237914_2.jpg,0.0,0.0,5.2271061576902866e-05,299,299
508763171_2.jpg,0.0,0.0,4.0369730413658544e-05,193,193
481896206_2.jpg,0.6666666666666666,1.0,6.623144626617432,479,69
487495311_2.jpg,0.0,0.0,8.337665349245071e-07,499,499
508760327_2.jpg,0.0,0.0,4.063049800606677e-06,369,369
483319552_2.jpg,0.0,0.0,9.629130363464355e-05,69,69
511228492_2.jpg,0.0,0.0,1.3311476322996896e-05,329,329
483319505_2.jpg,0.0,0.0,0.00018629095575306565,75,75
481896610_2.jpg,0.0,0.0,5.1180366426706314e-05,1239,1239
509271914_2.jpg,0.0,0.0,8.101525963866152e-06,65,65
508812615_2.jpg,0.0,0.0,4.76837158203125e-07,61,61
508781175_2.jpg,0.0,0.0,3.4123659133911133e-06,1259,1259
508763939_2.jpg,0.0,0.0,1.1920928955078125e-07,81,81
508776606_2.jpg,0.0,0.0,4.639228336600354e-06,119,119
508780472_2.jpg,0.0,0.0,3.3032765713869594e-06,1129,1129
483319729_2.jpg,0.0,0.0,0.05356429144740105,179,179
508810548_2.jpg,0.0,0.0,9.619631600799039e-05,119,119
510831844_2.jpg,0.0,0.0,1.9311397409182973e-05,99,99
510883332_2.jpg,0.0,0.0,0.007485633250325918,93,93
508763990_2.jpg,0.0,0.0,2.0896395653835498e-05,104,104
508788082_2.jpg,0.0,0.0,2.6044746846309863e-05,239,239
481896275_2.jpg,0.0,0.0,0.00045275085722096264,399,399
511224061_2.jpg,0.0,0.0,1.000853535515489e-05,129,129
511177377_2.jpg,1.0,1.0,5.669137001037598,35,19
511295053_2.jpg,0.3333333333333333,1.0,1.8883419036865234,529,29
509706162_2.jpg,0.0,0.0,1.800060272216797e-05,119,119
487495161_2.jpg,0.0,0.0,0.001569628599099815,519,519
511206191_2.jpg,1.0,1.0,3.7492482662200928,59,4
510916002_2.jpg,0.0,0.0,0.0006288723670877516,149,149
487495200_2.jpg,0.0,0.0,0.003183250315487385,129,129
483317885_2.jpg,0.3333333333333333,1.0,1.5170358419418335,499,199
509541786_2.jpg,0.0,0.0,1.192092668134137e-06,449,449
510880207_2.jpg,0.0,0.0,7.510184786951868e-06,199,199
508762695_2.jpg,0.0,0.0,1.2258688911970239e-05,159,159
511284460_2.jpg,0.0,0.0,0.0011911708861589432,129,129
508811017_2.jpg,0.0,0.0,9.536740321891557e-07,99,99
487495132_2.jpg,0.0,0.0,5.344549936125986e-05,349,349
508766108_2.jpg,0.0,0.0,2.5570081561454572e-05,119,119
508762271_2.jpg,0.0,0.0,7.445365190505981e-05,129,129
508765686_2.jpg,0.0,0.0,3.642526644398458e-05,104,104
511203271_2.jpg,0.0,0.0,0.016719277948141098,219,219
509678327_2.jpg,0.0,0.0,3.975133222411387e-05,839,839
508775599_2.jpg,0.0,0.0,7.152557373046875e-06,269,269
508764979_2.jpg,0.0,0.0,0.0001699879503576085,114,114
511259228_2.jpg,0.5,1.0,1.336323618888855,1499,129
508763411_2.jpg,0.0,0.0,0.022359192371368408,33,33
508763961_2.jpg,0.0,0.0,1.2353551028354559e-05,125,125
508783690_2.jpg,0.0,0.0,5.960446287645027e-07,89,89
508766140_2.jpg,0.0,0.0,0.0614011287689209,61,61
511224051_2.jpg,0.0,0.0,2.9404957331280457e-06,419,419
508780219_2.jpg,0.0,0.0,1.385807991027832e-06,149,149
508758231_2.jpg,0.0,0.0,0.00013427165686152875,47,47
508776915_2.jpg,0.0,0.0,2.8768423362635076e-05,112,112
508758164_2.jpg,0.0,0.0,1.0286767974321265e-05,119,119
508758355_2.jpg,0.0,0.0,1.7086664456655853e-06,149,149
508775593_2.jpg,0.0,0.0,1.1920928955078125e-07,399,399
510885182_2.jpg,0.5,1.0,0.6682823300361633,69,89
509664415_2.jpg,0.0,0.0,8.742014756535355e-07,369,369
508764509_2.jpg,0.0,0.0,6.556510925292969e-07,99,99
481896946_2.jpg,0.0,0.0,0.00020998339459765702,949,949
510885959_2.jpg,0.6666666666666666,1.0,3.5061569213867188,129,1
508776106_2.jpg,0.0,0.0,7.493232260458171e-05,44,44
487495606_2.jpg,0.0,0.0,7.94727384345606e-07,259,259
508765836_2.jpg,0.0,0.0,3.625658280270727e-07,399,399
481896747_2.jpg,0.25,1.0,0.5216706395149231,1399,1599
508776043_2.jpg,0.0,0.0,1.9550323486328125e-05,72,72
508758170_2.jpg,0.0,0.0,1.9341705410624854e-05,129,129
510923483_2.jpg,0.0,0.0,0.07536396384239197,51,51
508810549_2.jpg,0.0,0.0,0.0015253095189109445,122,122
487495470_2.jpg,0.0,0.0,4.7675953851467057e-07,549,549
508763141_2.jpg,0.0,0.0,5.041559688834241e-06,199,199
508777850_2.jpg,0.0,0.0,2.3503836928284727e-05,145,145
508748999_2.jpg,0.0,0.0,3.158922118018381e-05,139,139
487495225_2.jpg,0.25,1.0,1.5433026552200317,2002,202
508828717_2.jpg,0.0,0.0,1.5497190588575904e-06,74,74
510831362_2.jpg,1.0,1.0,7.598824977874756,183,4
510883421_2.jpg,0.3333333333333333,1.0,3.4990177154541016,629,699
510880138_2.jpg,0.0,0.0,6.158601172501221e-05,899,899
481896717_2.jpg,0.0,0.0,5.340202551451512e-05,999,999
508765689_2.jpg,0.0,0.0,9.857717668637633e-05,85,85
508760619_2.jpg,0.0,0.0,1.987442374229431e-06,559,559
510879858_2.jpg,0.0,0.0,5.954255470896896e-07,349,349
508766102_2.jpg,0.0,0.0,1.5124678611755371e-06,229,229
511225282_2.jpg,1.0,1.0,6.285616397857666,52,34
508778556_2.jpg,0.3333333333333333,1.0,0.26684799790382385,114,14
508765697_2.jpg,0.0,0.0,1.2353062629699707e-05,44,44
510885162_2.jpg,0.5,1.0,3.9314920902252197,71,01
510885147_2.jpg,0.0,0.0,4.368523605080554e-06,129,129
508763823_2.jpg,0.0,0.0,2.6126701868633972e-06,159,159
508764945_2.jpg,0.0,0.0,5.2556395530700684e-05,39,39
509520112_2.jpg,0.0,0.0,2.0106168449274264e-05,279,279
510881938_2.jpg,0.0,0.0,0.001585886930115521,299,299
511017548_2.jpg,0.5,1.0,0.7120020985603333,59,39
510879848_2.jpg,0.0,0.0,0.00011926889419555664,369,369
508775366_2.jpg,0.0,0.0,1.564621925354004e-07,299,299
508762482_2.jpg,0.0,0.0,4.597007773554651e-06,1499,1499
511263764_2.jpg,0.0,0.0,2.912612399086356e-05,669,669
511199943_2.jpg,0.5,1.0,2.597184419631958,28,29
511192171_2.jpg,0.3333333333333333,1.0,4.74761438369751,153,15
508757694_2.jpg,0.5,1.0,7.656584739685059,95,99
511266371_2.jpg,0.0,0.0,2.849052361852955e-05,1999,1999
508761653_2.jpg,0.0,0.0,2.980232238769531e-07,47,47
508795838_2.jpg,0.0,0.0,3.5961468256573426e-06,169,169
510883342_2.jpg,0.0,0.0,0.00020642788149416447,59,59
510885072_2.jpg,1.0,1.0,4.151311874389648,33,19
508957472_2.jpg,0.0,0.0,0.001295406254939735,159,159
511296040_2.jpg,0.6666666666666666,1.0,3.2513554096221924,135,154
511263772_2.jpg,0.3333333333333333,1.0,0.6158602237701416,839,819
511263753_2.jpg,0.3333333333333333,1.0,1.4768705368041992,619,919
509520123_2.jpg,0.0,0.0,0.014258087612688541,359,359
509211257_2.jpg,0.0,0.0,5.284945018502185e-06,169,169
508781949_2.jpg,0.0,0.0,0.018550604581832886,149,149
508763310_2.jpg,0.0,0.0,1.177440117317019e-05,339,339
508762708_2.jpg,0.0,0.0,5.350447622731735e-07,99,99
508775629_2.jpg,0.0,0.0,8.493270797771402e-06,1299,1299
487495523_2.jpg,0.0,0.0,0.00019784423056989908,339,339
510884787_2.jpg,0.0,0.0,1.0847867997654248e-05,249,249
508761875_2.jpg,0.0,0.0,1.2205913662910461e-05,16,16
511271031_2.jpg,0.3333333333333333,1.0,1.2437235116958618,121,12
510883304_2.jpg,0.3333333333333333,1.0,2.1141161918640137,259,299
508812884_2.jpg,0.0,0.0,1.4821452168689575e-05,112,112
508800057_2.jpg,0.0,0.0,5.1061301746813115e-06,549,549
508811018_2.jpg,0.0,0.0,2.5628760340623558e-06,73,73
509714005_2.jpg,0.0,0.0,2.821286216203589e-06,219,219
508765800_2.jpg,0.0,0.0,1.0728836059570312e-06,469,469
511243343_2.jpg,0.3333333333333333,1.0,2.7478229999542236,165,169
487495304_2.jpg,0.0,0.0,2.582867864475702e-06,339,339
511296453_2.jpg,0.3333333333333333,1.0,100,119,19
508776579_2.jpg,0.0,0.0,4.80810786029906e-06,199,199
511261084_2.jpg,0.5,1.0,4.980971813201904,92,94
510884324_2.jpg,0.3333333333333333,1.0,0.4693813621997833,639,69
508777449_2.jpg,0.0,0.0,3.325779834995046e-05,129,129
510879866_2.jpg,0.3333333333333333,1.0,1.3700966835021973,329,29
487494892_2.jpg,0.0,0.0,0.0004524489340838045,719,719
509267341_2.jpg,0.0,0.0,7.907549843366724e-06,259,259
508781434_2.jpg,0.0,0.0,3.427267074584961e-06,329,329
508813360_2.jpg,0.0,0.0,0.00013891242269892246,399,399
510879801_2.jpg,0.0,0.0,9.139378676081833e-07,229,229
508811855_2.jpg,0.0,0.0,1.6752630472183228e-05,89,89
509702475_2.jpg,0.0,0.0,2.4067237973213196e-05,1539,1539
508763344_2.jpg,0.0,0.0,1.8676122408578522e-06,159,159
508782862_2.jpg,0.0,0.0,0.2488994002342224,199,199
508762903_2.jpg,0.0,0.0,1.1920928955078125e-07,99,99
508761976_2.jpg,0.0,0.0,5.165736070011917e-07,299,299
508758323_2.jpg,0.0,0.0,5.364417461350968e-07,67,67
509390445_2.jpg,0.0,0.0,0.0014602915616706014,103,103
508764090_2.jpg,0.0,0.0,5.9604641222676946e-08,74,74
508763470_2.jpg,0.0,0.0,6.079654212953756e-06,39,39
508757519_2.jpg,0.0,0.0,4.629293925972888e-06,109,109
481896332_2.jpg,1.0,1.0,100,399,11
508763879_2.jpg,0.0,0.0,8.573289960622787e-06,319,319
483319497_2.jpg,0.0,0.0,7.867803651606664e-05,159,159
508764222_2.jpg,0.0,0.0,3.8743019104003906e-07,1599,1599
487495670_2.jpg,0.0,0.0,0.00015668882406316698,5999,5999
511196633_2.jpg,0.5,1.0,3.2733547687530518,31,21
487495487_2.jpg,0.3333333333333333,1.0,2.911381721496582,769,369
510879811_2.jpg,0.0,0.0,4.328631803218741e-06,999,999
508777892_2.jpg,0.0,0.0,2.1656353510479676e-06,229,229
508758172_2.jpg,0.0,0.0,7.5300526987120975e-06,129,129
508762899_2.jpg,0.0,0.0,0.008730842731893063,11,11
510947692_2.jpg,0.5,1.0,1.5670727491378784,79,99
508762093_2.jpg,0.0,0.0,5.191192030906677e-06,69,69
487495045_2.jpg,0.0,0.0,4.009891199530102e-05,1299,1299
508783335_2.jpg,0.0,0.0,0.00014370627468451858,34,34
511228501_2.jpg,0.0,0.0,0.0017595490207895637,193,193
487494967_2.jpg,0.0,0.0,1.5497207641601562e-06,649,649
508780222_2.jpg,0.0,0.0,3.5564880818128586e-07,44,44
508749002_2.jpg,0.0,0.0,1.1791164979513269e-05,259,259
487495013_2.jpg,0.0,0.0,8.344650268554688e-07,549,549
487495286_2.jpg,0.0,0.0,5.2647810662165284e-05,599,599
483319696_2.jpg,0.0,0.0,0.00035922229290008545,79,79
510831522_2.jpg,0.0,0.0,0.0037026170175522566,649,649
510969725_2.jpg,1.0,1.0,10.024331092834473,60,99
511282312_2.jpg,0.0,0.0,0.015306588262319565,83,83
481896119_2.jpg,0.0,0.0,6.981354090385139e-05,999,999
510916009_2.jpg,1.0,1.0,7.523027420043945,96,3
510880856_2.jpg,0.0,0.0,0.0004415519069880247,79,79
481896116_2.jpg,0.0,0.0,0.00046979080070741475,699,699
508782307_2.jpg,0.0,0.0,5.365411561797373e-05,107,107
481896264_2.jpg,0.0,0.0,0.000857325445394963,479,479
509702460_2.jpg,0.0,0.0,0.0007114236359484494,499,499
487495148_2.jpg,0.0,0.0,0.04229970648884773,399,399
510883375_2.jpg,0.3333333333333333,1.0,1.3440337181091309,389,189
508813240_2.jpg,0.0,0.0,3.159046173095703e-06,39,39
509267351_2.jpg,0.3333333333333333,1.0,0.49175897240638733,649,679
483319529_2.jpg,0.0,0.0,2.34692470257869e-06,69,69
511177373_2.jpg,1.0,1.0,5.165793418884277,35,11
510885562_2.jpg,0.6666666666666666,1.0,6.5241546630859375,133,15
510883572_2.jpg,0.0,0.0,0.0037318000104278326,57,57
508811803_2.jpg,0.0,0.0,1.9028775568585843e-05,129,129
509494149_2.jpg,0.0,0.0,1.9080631318502128e-05,85,85
509487976_2.jpg,0.0,0.0,5.3544840739050414e-06,139,139
508782798_2.jpg,0.0,0.0,0.000677118543535471,149,149
509487992_2.jpg,0.0,0.0,1.0728826964623295e-06,62,62
511296043_2.jpg,0.0,0.0,0.11385317891836166,144,144
511198321_2.jpg,0.5,1.0,2.249164581298828,92,94
509195540_2.jpg,0.0,0.0,5.36441632448259e-07,82,82
508758198_2.jpg,0.0,0.0,5.125921688886592e-06,132,132
508761181_2.jpg,0.0,0.0,2.191711428167764e-05,259,259
481896605_2.jpg,0.0,0.0,6.150698754936457e-05,2799,2799
511199933_2.jpg,0.0,0.0,0.01846020296216011,29,29
508764961_2.jpg,0.0,0.0,0.00018557498697191477,59,59
508754221_2.jpg,0.0,0.0,4.470348358154297e-07,79,79
508748998_2.jpg,0.0,0.0,7.251898637150589e-07,259,259
508782814_2.jpg,0.0,0.0,4.768371127283899e-06,159,159
508763616_2.jpg,0.0,0.0,0.00030274063465185463,517,517
509532801_2.jpg,0.0,0.0,4.1481729567749426e-05,229,229
487495474_2.jpg,0.0,0.0,0.0005576065159402788,1099,1099
510995377_2.jpg,0.5,1.0,2.637608766555786,59,99
508761236_2.jpg,0.0,0.0,2.384185791015625e-07,59,59
483319331_2.jpg,0.0,0.0,0.00013685690646525472,134,134
508763554_2.jpg,0.0,0.0,1.7016815263559693e-06,629,629
508865372_2.jpg,0.0,0.0,5.252659320831299e-06,59,59
508792776_2.jpg,0.0,0.0,1.4821067452430725e-05,143,143
510884338_2.jpg,0.3333333333333333,1.0,3.1388683319091797,719,219
511225280_2.jpg,0.0,0.0,1.1144171367050149e-05,49,49
511279879_2.jpg,0.25,1.0,100,1199,199
508788064_2.jpg,0.0,0.0,4.3154384911758825e-05,179,179
508763313_2.jpg,0.0,0.0,1.259148120880127e-06,89,89
508777441_2.jpg,0.0,0.0,6.20881701252074e-06,149,149
511199939_2.jpg,0.5,1.0,1.34475576877594,28,29
510831097_2.jpg,0.0,0.0,1.2687562957580667e-05,149,149
510886144_2.jpg,0.0,0.0,0.18068107962608337,69,69
508813359_2.jpg,0.0,0.0,2.8943177312612534e-05,299,299
508762006_2.jpg,0.0,0.0,2.3881439119577408e-05,109,109
509664343_2.jpg,0.0,0.0,2.572933908595587e-06,569,569
509520172_2.jpg,0.0,0.0,0.0010063251247629523,122,122
510883746_2.jpg,0.0,0.0,0.00010421624028822407,329,329
508811840_2.jpg,0.0,0.0,9.82859346549958e-05,139,139
510885149_2.jpg,0.6666666666666666,1.0,5.96911096572876,105,189
511263745_2.jpg,0.0,0.0,0.0850835070014,899,899
483319452_2.jpg,0.0,0.0,0.0183151476085186,69,69
508763058_2.jpg,0.0,0.0,7.897615432739258e-07,99,99
508763408_2.jpg,0.0,0.0,2.3840871108404826e-06,36,36
509751609_2.jpg,0.3333333333333333,1.0,0.3371973931789398,209,299
508758318_2.jpg,0.0,0.0,4.0531158447265625e-06,69,69
508759243_2.jpg,0.0,0.0,4.991888431504776e-07,449,449
508758158_2.jpg,0.0,0.0,4.813075065612793e-06,74,74
511263679_2.jpg,0.3333333333333333,1.0,1.105425238609314,669,869
483319845_2.jpg,0.0,0.0,0.004429352004081011,159,159
508785252_2.jpg,0.0,0.0,3.2186501357500674e-06,209,209
508761505_2.jpg,0.0,0.0,1.8676115587368258e-06,119,119
510880145_2.jpg,0.0,0.0,8.64266803546343e-06,1199,1199
508765782_2.jpg,0.0,0.0,6.506801582872868e-06,469,469
481896636_2.jpg,0.0,0.0,4.132575668336358e-06,599,599
483319715_2.jpg,0.5,1.0,0.7128407955169678,73,13
508811792_2.jpg,0.0,0.0,0.00014387971896212548,179,179
510883506_2.jpg,1.0,1.0,2.2603280544281006,73,49
511191712_2.jpg,0.5,1.0,3.8982412815093994,65,69
508761190_2.jpg,0.0,0.0,2.741812750173267e-06,22,22
508765565_2.jpg,0.0,0.0,5.941838026046753e-07,76,76
508762274_2.jpg,0.0,0.0,1.533764043415431e-05,149,149
508765305_2.jpg,0.0,0.0,0.0002922167186625302,63,63
510879852_2.jpg,0.0,0.0,7.468790045095375e-06,399,399
508792767_2.jpg,0.0,0.0,5.5588752729818225e-06,279,279
509302667_2.jpg,0.0,0.0,5.7146262406604365e-05,639,639
508813340_2.jpg,0.0,0.0,7.897491013864055e-05,799,799
508764293_2.jpg,0.0,0.0,4.172325134277344e-07,99,99
508762905_2.jpg,0.0,0.0,0.0018727009883150458,139,139
511266330_2.jpg,0.0,0.0,0.05220450833439827,1449,1449
508758537_2.jpg,0.0,0.0,8.823971256788354e-06,189,189
510882109_2.jpg,0.0,0.0,0.1146850660443306,299,299
511296032_2.jpg,0.3333333333333333,1.0,0.358663409948349,729,739
508957705_2.jpg,0.0,0.0,3.659471985884011e-05,169,169
511279880_2.jpg,0.0,0.0,0.06201406940817833,1599,1599
509747264_2.jpg,0.0,0.0,1.7881393432617188e-05,69,69
509678341_2.jpg,0.0,0.0,7.788960829202551e-06,409,409
510885923_2.jpg,0.0,0.0,0.0015018731355667114,79,79
508761244_2.jpg,0.0,0.0,4.172325134277344e-07,54,54
511296059_2.jpg,0.6666666666666666,1.0,2.5946238040924072,105,189
508762075_2.jpg,0.0,0.0,2.002716064453125e-05,49,49
508775210_2.jpg,0.5,1.0,1.0832240581512451,89,899
511282333_2.jpg,0.5,1.0,5.632474899291992,53,3
483319570_2.jpg,0.0,0.0,0.21163494884967804,184,184
508776923_2.jpg,0.0,0.0,2.1519759684451856e-05,159,159
508758481_2.jpg,0.3333333333333333,1.0,0.7276773452758789,139,739
483319492_2.jpg,0.0,0.0,0.00022061691561248153,149,149
487495087_2.jpg,0.0,0.0,0.017835363745689392,1359,1359
511206228_2.jpg,0.6666666666666666,1.0,1.4236780405044556,129,1569
508812622_2.jpg,0.0,0.0,1.0475367162143812e-05,92,92
508776045_2.jpg,0.0,0.0,0.5750809907913208,72,72
509713514_2.jpg,0.6666666666666666,1.0,3.9560585021972656,239,999
510885079_2.jpg,0.5,1.0,0.5683605670928955,59,99
508762154_2.jpg,0.0,0.0,5.048513412475586e-05,134,134
508765287_2.jpg,0.0,0.0,7.729977369308472e-07,59,59
508782871_2.jpg,0.0,0.0,4.741549491882324e-05,349,349
511284466_2.jpg,0.3333333333333333,1.0,1.711845874786377,139,159
508762209_2.jpg,0.0,0.0,1.0192389709118288e-05,119,119
508757701_2.jpg,0.0,0.0,0.003126665949821472,63,63
510883512_2.jpg,0.0,0.0,7.27176375221461e-05,149,149
481896934_2.jpg,0.0,0.0,3.808467590715736e-05,1199,1199
511237972_2.jpg,0.3333333333333333,1.0,0.3983106315135956,259,559
508757495_2.jpg,0.0,0.0,4.58954309578985e-06,19,19
508762429_2.jpg,0.0,0.0,3.049771066798712e-06,107,107
508766086_2.jpg,0.0,0.0,1.6887983065316803e-06,149,149
508765346_2.jpg,0.0,0.0,4.047217771585565e-06,249,249
508765315_2.jpg,0.0,0.0,0.00020023202523589134,52,52
511233280_2.jpg,0.0,0.0,2.8113524876971496e-06,249,249
510883783_2.jpg,0.0,0.0,0.01282629743218422,729,729
509713875_2.jpg,0.0,0.0,1.1920928955078125e-07,69,69
508761153_2.jpg,0.0,0.0,1.5534458270849427e-06,93,93
508776930_2.jpg,0.0,0.0,1.430511474609375e-06,219,219
508758655_2.jpg,0.0,0.0,4.7636785893701017e-07,67,67
508828739_2.jpg,0.0,0.0,1.1205670489289332e-05,29,29
510879738_2.jpg,0.5,1.0,6.765758037567139,1119,19
508783638_2.jpg,0.0,0.0,1.3578683137893677e-06,31,31
508762003_2.jpg,0.0,0.0,8.344650268554688e-07,159,159
508782430_2.jpg,0.0,0.0,6.0051679611206055e-05,50,50
510832122_2.jpg,0.25,1.0,2.1735141277313232,1159,119
510832155_2.jpg,0.0,0.0,0.004402490332722664,499,499
508776631_2.jpg,0.0,0.0,4.730305590783246e-05,369,369
508760133_2.jpg,0.0,0.0,0.014902518130838871,159,159
511264104_2.jpg,0.6666666666666666,1.0,2.900414228439331,759,399
481896175_2.jpg,0.0,0.0,0.2843892276287079,939,939
508760682_2.jpg,0.0,0.0,5.125993538968032e-06,123,123
510831359_2.jpg,1.0,1.0,5.95828104019165,369,12
508760270_2.jpg,0.0,0.0,2.7827911708300235e-06,469,469
508823217_2.jpg,0.0,0.0,0.0013255899539217353,164,164
508776948_2.jpg,0.0,0.0,1.125037670135498e-05,239,239
508762814_2.jpg,0.0,0.0,6.079673767089844e-06,949,949
481896822_2.jpg,0.0,0.0,2.9473867471097037e-05,1199,1199
510831602_2.jpg,0.0,0.0,0.00018265687685925514,159,159
508775689_2.jpg,0.0,0.0,4.3213367462158203e-07,59,59
508760149_2.jpg,0.0,0.0,5.468725703394739e-06,49,49
508781947_2.jpg,0.0,0.0,1.253427308256505e-05,142,142
511264101_2.jpg,0.6666666666666666,1.0,4.476487636566162,519,99
508813712_2.jpg,0.0,0.0,6.444752216339111e-06,59,59
510885144_2.jpg,0.0,0.0,0.2205660045146942,89,89
509513059_2.jpg,0.0,0.0,3.909750739694573e-05,159,159
510879731_2.jpg,0.0,0.0,3.8422178477048874e-05,459,459
508795811_2.jpg,0.0,0.0,4.3312047637300566e-05,539,539
487495499_2.jpg,0.0,0.0,4.760094452649355e-05,999,999
510879690_2.jpg,0.0,0.0,0.00016391028475482017,219,219
509496969_2.jpg,0.0,0.0,2.979766350108548e-06,39,39
509706197_2.jpg,0.0,0.0,4.6690097406099085e-06,224,224
509678310_2.jpg,0.0,0.0,6.910413503646851e-06,449,449
487495638_2.jpg,0.0,0.0,6.755189474461076e-07,279,279
508763080_2.jpg,0.0,0.0,5.960464477539063e-08,76,76
510832542_2.jpg,0.3333333333333333,1.0,4.086925506591797,209,299
511228506_2.jpg,0.0,0.0,0.0003420717257540673,244,244
508762966_2.jpg,0.0,0.0,1.5497207641601562e-06,319,319
509489065_2.jpg,0.0,0.0,2.920625775004737e-06,89,89
508810574_2.jpg,0.0,0.0,0.0003287792205810547,139,139
511283825_2.jpg,0.0,0.0,0.045773524791002274,33,33
508764980_2.jpg,0.0,0.0,5.245197826297954e-06,44,44
508812361_2.jpg,0.0,0.0,1.7830481738201343e-05,379,379
508763454_2.jpg,0.0,0.0,2.4437883894279366e-06,64,64
481897142_2.jpg,1.0,1.0,5.036008358001709,379,103
508780952_2.jpg,0.0,0.0,4.794728010892868e-05,55,55
508812363_2.jpg,0.0,0.0,3.680586814880371e-06,429,429
508761555_2.jpg,0.0,0.0,4.419059769134037e-05,209,209
508785250_2.jpg,0.0,0.0,9.821433195611462e-05,129,129
508782452_2.jpg,0.0,0.0,1.1499478205223568e-05,55,55
508780950_2.jpg,0.0,0.0,4.946952685713768e-06,21,21
508764502_2.jpg,0.0,0.0,2.5605161226849305e-06,399,399
508782133_2.jpg,0.0,0.0,1.1920928955078125e-06,259,259
508811534_2.jpg,0.0,0.0,3.264013503212482e-05,36,36
508784238_2.jpg,0.0,0.0,3.057221647395636e-06,219,219
508775375_2.jpg,0.0,0.0,9.020666038850322e-05,199,199
508762442_2.jpg,0.0,0.0,1.2555760804389138e-05,129,129
508781448_2.jpg,0.0,0.0,1.3674299225385766e-05,239,239
510883399_2.jpg,0.5,1.0,100,1199,139
509664336_2.jpg,0.0,0.0,1.1424223202993744e-06,569,569
511295119_2.jpg,0.3333333333333333,1.0,5.261474132537842,409,499
510883411_2.jpg,0.6666666666666666,1.0,5.358455181121826,569,399
508763354_2.jpg,0.0,0.0,1.3709052382182563e-06,83,83
508766044_2.jpg,0.0,0.0,0.0003873904643114656,209,209
508757467_2.jpg,0.0,0.0,3.3775966130633606e-06,259,259
508795777_2.jpg,0.0,0.0,0.0002680081524886191,96,96
508757439_2.jpg,0.0,0.0,4.827976226806641e-06,39,39
508763580_2.jpg,0.0,0.0,2.2053675365896197e-06,94,94
508782878_2.jpg,0.0,0.0,0.0976920798420906,119,119
508748978_2.jpg,0.0,0.0,0.00023202101874630898,149,149
487495321_2.jpg,0.0,0.0,0.0003981771587859839,1099,1099
508775714_2.jpg,0.0,0.0,1.2318292874624603e-06,169,169
487495083_2.jpg,0.0,0.0,0.006670932285487652,1359,1359
508762511_2.jpg,0.0,0.0,0.00011411446030251682,70,70
509751597_2.jpg,0.0,0.0,1.9669528228405397e-06,94,94
508812891_2.jpg,0.0,0.0,2.0697703803307377e-05,169,169
511263726_2.jpg,0.0,0.0,4.54157852800563e-05,499,499
509749761_2.jpg,0.0,0.0,4.013358648080612e-06,143,143
511295136_2.jpg,0.3333333333333333,1.0,0.4474271535873413,123,124
510832131_2.jpg,0.0,0.0,0.028470197692513466,169,169
508763441_2.jpg,0.0,0.0,1.2318292874624603e-06,359,359
510884291_2.jpg,0.3333333333333333,1.0,100,999,99
487495446_2.jpg,0.3333333333333333,1.0,0.595872163772583,559,599
508748982_2.jpg,0.0,0.0,1.259148120880127e-05,69,69
487495545_2.jpg,0.5,1.0,0.843591034412384,63,93
510839975_2.jpg,0.0,0.0,0.005397453438490629,559,559
508762770_2.jpg,0.0,0.0,2.3096799850463867e-07,899,899
483317864_2.jpg,0.0,0.0,6.442847370635718e-05,79,79
510883107_2.jpg,0.0,0.0,0.00015310951857827604,699,699
509302623_2.jpg,0.0,0.0,3.648548954515718e-05,459,459
510885056_2.jpg,0.5,1.0,4.171362400054932,63,6
511233244_2.jpg,0.3333333333333333,1.0,1.09231698513031,189,199
508778531_2.jpg,0.0,0.0,0.0001880762429209426,144,144
511139280_2.jpg,0.0,0.0,1.1883663546541356e-06,2499,2499
510879927_2.jpg,0.0,0.0,1.1324882507324219e-06,269,269
508762316_2.jpg,0.0,0.0,8.900959983293433e-06,129,129
483319533_2.jpg,0.0,0.0,0.001599129755049944,83,83
508811530_2.jpg,0.0,0.0,0.000505983829498291,209,209
508783316_2.jpg,0.0,0.0,0.0002584434696473181,60,60
511270527_2.jpg,0.0,0.0,0.07519301027059555,139,139
508748972_2.jpg,0.0,0.0,7.133928647817811e-07,61,61
508800038_2.jpg,0.0,0.0,3.746772927115671e-05,699,699
481896511_2.jpg,0.3333333333333333,1.0,0.7293042540550232,469,669
508795812_2.jpg,0.0,0.0,1.5894572413799324e-07,569,569
511017546_2.jpg,0.5,1.0,3.2773542404174805,46,49
508758668_2.jpg,0.0,0.0,0.00016295909881591797,139,139
511286875_2.jpg,0.0,0.0,1.1920928955078125e-07,249,249
508784237_2.jpg,0.0,0.0,2.023701927100774e-05,239,239
508762696_2.jpg,0.0,0.0,1.5517047359026037e-05,169,169
510885176_2.jpg,0.5,1.0,1.4098398685455322,63,83
511261086_2.jpg,1.0,1.0,4.600952625274658,109,562
509714117_2.jpg,0.0,0.0,1.94615381587937e-06,154,154
508764216_2.jpg,0.0,0.0,5.340203642845154e-06,1899,1899
511279815_2.jpg,0.5,1.0,100,1199,19
509226023_2.jpg,0.0,0.0,3.4232933103339747e-05,209,209
511266353_2.jpg,0.0,0.0,0.01915605179965496,639,639
487495271_2.jpg,0.0,0.0,1.3311512702784967e-05,499,499
508764638_2.jpg,0.0,0.0,0.00035714462865144014,159,159
508764073_2.jpg,0.0,0.0,1.564621925354004e-07,95,95
481896391_2.jpg,0.0,0.0,0.0017031232127919793,419,419
508865278_2.jpg,0.0,0.0,0.020004620775580406,89,89
483319829_2.jpg,0.3333333333333333,1.0,2.7772133350372314,189,199
508765342_2.jpg,0.0,0.0,5.3544840739050414e-06,199,199
510831120_2.jpg,1.0,1.0,6.75307035446167,76,32
483319445_2.jpg,0.0,0.0,0.008851236663758755,319,319
508812774_2.jpg,0.0,0.0,0.0002533594670239836,149,149
508758319_2.jpg,0.5,1.0,2.7177748680114746,62,625
510831525_2.jpg,0.25,1.0,0.5027927160263062,1499,1699
508748955_2.jpg,0.0,0.0,6.936490535736084e-06,29,29
508764492_2.jpg,0.0,0.0,4.6690306021446304e-07,399,399
509225982_2.jpg,0.0,0.0,2.344439735679771e-06,179,179
509487968_2.jpg,0.0,0.0,2.1196883608354256e-06,184,184
508781939_2.jpg,0.0,0.0,8.384212378587108e-06,129,129
483319499_2.jpg,0.0,0.0,6.288258191489149e-06,79,79
481896267_2.jpg,0.0,0.0,5.165713901078561e-06,499,499
508784599_2.jpg,0.0,0.0,0.00550881028175354,103,103
508762964_2.jpg,0.0,0.0,2.1358330286602722e-06,319,319
508763347_2.jpg,0.0,0.0,3.5216410196881043e-06,269,269
508765332_2.jpg,0.0,0.0,3.017981543962378e-05,132,132
508762557_2.jpg,0.0,0.0,5.950951162958518e-07,99,99
508775616_2.jpg,0.0,0.0,5.538575351238251e-06,1249,1249
510881026_2.jpg,0.6666666666666666,1.0,4.152369022369385,149,122
481896838_2.jpg,0.3333333333333333,1.0,0.3607980012893677,899,999
